Segment,Modellreihe,Marke,Typ
MINIS,DACIA SPRING,DACIA,SPRING
MINIS,FIAT 500c,FIAT,500c
MINIS,FIAT 500,FIAT,500
MINIS,FIAT 500l,FIAT,500l
MINIS,FIAT PANDA,FIAT,PANDA
MINIS,HYUNDAI I10,HYUNDAI,I10
MINIS,KIA PICANTO,KIA,PICANTO
MINIS,RENAULT TWINGO,RENAULT,TWINGO
MINIS,NISSAN Micra,NISSAN,Micra
MINIS,FORD Ka/ka+,FORD,Ka/ka+
MINIS,OPEL Adam,OPEL,Adam
MINIS,SKODA Citigo,SKODA,Citigo
MINIS,PEUGEOT 108,PEUGEOT,108
MINIS,SEAT Mii,SEAT,Mii
MINIS,smart Forfour,smart,Forfour
MINIS,Kia Venga,Kia,Venga
MINIS,SMART FORTWO,SMART,FORTWO
MINIS,TOYOTA AYGO,TOYOTA,AYGO
MINIS,CITROEN C1,CITROEN,C1
MINIS,VW UP!,VW,UP!
KLEINWAGEN,AUDI A1,AUDI,A1
KLEINWAGEN,CITROEN C3,CITROEN,C3
KLEINWAGEN,DS DS3,DS,DS3
KLEINWAGEN,FORD C-max,FORD,C-max
KLEINWAGEN,FORD Grand C-max,FORD,Grand C-max
KLEINWAGEN,FORD FIESTA,FORD,FIESTA
KLEINWAGEN,FIAT Punto,FIAT,Punto
KLEINWAGEN,FIAT Grand punto,FIAT,Grand punto
KLEINWAGEN,FIAT Grande punto,FIAT,Grande punto
KLEINWAGEN,FIAT Sedici,FIAT,Sedici
KLEINWAGEN,FIAT Scudo,FIAT,Scudo
KLEINWAGEN,FIAT Punto evo,FIAT,Punto evo
KLEINWAGEN,FORD PUMA,FORD,PUMA
KLEINWAGEN,HONDA JAZZ,HONDA,JAZZ
KLEINWAGEN,HYUNDAI I20,HYUNDAI,I20
KLEINWAGEN,HYUNDAI Ix20,HYUNDAI,Ix20
KLEINWAGEN,LADA Vesta,LADA,Vesta
KLEINWAGEN,KIA RIO,KIA,RIO
KLEINWAGEN,MAZDA 2,MAZDA,2
KLEINWAGEN,FORD Ecosport,FORD,Ecosport
KLEINWAGEN,MG ROEWE 3,MG,ROEWE 3
KLEINWAGEN,MINI ONE cabrio,MINI,ONE cabrio
KLEINWAGEN,MINI ONE,MINI,ONE
KLEINWAGEN,MINI Cooper d,MINI,Cooper d
KLEINWAGEN,MINI Cooper s,MINI,Cooper s
KLEINWAGEN,MITSUBISHI COLT,MITSUBISHI,COLT
KLEINWAGEN,"MITSUBISHI MIRAGE, SPACE STAR",MITSUBISHI,"MIRAGE, SPACE STAR"
KLEINWAGEN,MINI Cooper,MINI,Cooper
KLEINWAGEN,MERCEDES B 180,MERCEDES,B 180
KLEINWAGEN,NISSAN Note,NISSAN,Note
KLEINWAGEN,NISSAN JUKE,NISSAN,JUKE
KLEINWAGEN,OPEL CORSA,OPEL,CORSA
KLEINWAGEN,PEUGEOT  206,PEUGEOT,206
KLEINWAGEN,PEUGEOT  207,PEUGEOT,207
KLEINWAGEN,PEUGEOT 208,PEUGEOT,208
KLEINWAGEN,RENAULT CLIO,RENAULT,CLIO
KLEINWAGEN,RENAULT ZOE,RENAULT,ZOE
KLEINWAGEN,SEAT IBIZA,SEAT,IBIZA
KLEINWAGEN,SKODA Roomster,SKODA,Roomster
KLEINWAGEN,SKODA FABIA,SKODA,FABIA
KLEINWAGEN,SUZUKI IGNIS,SUZUKI,IGNIS
KLEINWAGEN,SUZUKI SWIFT,SUZUKI,SWIFT
KLEINWAGEN,TOYOTA Verso,TOYOTA,Verso
KLEINWAGEN,TOYOTA YARIS,TOYOTA,YARIS
KLEINWAGEN,VW POLO,VW,POLO
KOMPAKTKLASSE,AUDI A3,AUDI,A3
KOMPAKTKLASSE,BMW 114,BMW,114
KOMPAKTKLASSE,BMW 116,BMW,116
KOMPAKTKLASSE,BMW 1ER,BMW,1ER
KOMPAKTKLASSE,BMW 218,BMW,218
KOMPAKTKLASSE,BMW 220,BMW,220
KOMPAKTKLASSE,BYD DOLPHIN,BYD,DOLPHIN
KOMPAKTKLASSE,CHEVROLET Spark,CHEVROLET,Spark
KOMPAKTKLASSE,CHEVROLET Cruze,CHEVROLET,Cruze
KOMPAKTKLASSE,CHEVROLET Orlando,CHEVROLET,Orlando
KOMPAKTKLASSE,CITROEN C4,CITROEN,C4
KOMPAKTKLASSE,DACIA LOGAN,DACIA,LOGAN
KOMPAKTKLASSE,DACIA SANDERO,DACIA,SANDERO
KOMPAKTKLASSE,DS DS4,DS,DS4
KOMPAKTKLASSE,FIAT TIPO,FIAT,TIPO
KOMPAKTKLASSE,FORD FOCUS,FORD,FOCUS
KOMPAKTKLASSE,GWM FUNKY CAT,GWM,FUNKY CAT
KOMPAKTKLASSE,HONDA CIVIC,HONDA,CIVIC
KOMPAKTKLASSE,HYUNDAI Ioniq,HYUNDAI,Ioniq
KOMPAKTKLASSE,HYUNDAI I30,HYUNDAI,I30
KOMPAKTKLASSE,HYUNDAI Ix35,HYUNDAI,Ix35
KOMPAKTKLASSE,KIA Ceed / cee'd,KIA,Ceed / cee'd
KOMPAKTKLASSE,KIA  Ceed sw / cee'd sw,KIA,Ceed sw / cee'd sw
KOMPAKTKLASSE,KIA CEED,KIA,CEED
KOMPAKTKLASSE,MAZDA 3,MAZDA,3
KOMPAKTKLASSE,MAZDA MX-5,MAZDA,MX-5
KOMPAKTKLASSE,MERCEDES A 160,MERCEDES,A 160
KOMPAKTKLASSE,MERCEDES A 180,MERCEDES,A 180
KOMPAKTKLASSE,MG ROEWE 4,MG,ROEWE 4
KOMPAKTKLASSE,NISSAN Pulsar,NISSAN,Pulsar
KOMPAKTKLASSE,NISSAN LEAF,NISSAN,LEAF
KOMPAKTKLASSE,OPEL ASTRA,OPEL,ASTRA
KOMPAKTKLASSE,PEUGEOT C5 aircross,PEUGEOT,C5 aircross
KOMPAKTKLASSE,PEUGEOT 308,PEUGEOT,308
KOMPAKTKLASSE,RENAULT MEGANE,RENAULT,MEGANE
KOMPAKTKLASSE,SEAT BORN,SEAT,BORN
KOMPAKTKLASSE,SKODA Rapid/spaceback,SKODA,Rapid/spaceback
KOMPAKTKLASSE,SKODA Rapid,SKODA,Rapid
KOMPAKTKLASSE,SEAT Alhambra,SEAT,Alhambra
KOMPAKTKLASSE,SEAT LEON,SEAT,LEON
KOMPAKTKLASSE,SKODA OCTAVIA,SKODA,OCTAVIA
KOMPAKTKLASSE,SKODA SCALA,SKODA,SCALA
KOMPAKTKLASSE,SUBARU IMPREZA,SUBARU,IMPREZA
KOMPAKTKLASSE,SUZUKI SWACE,SUZUKI,SWACE
KOMPAKTKLASSE,TOYOTA AURIS,TOYOTA,AURIS
KOMPAKTKLASSE,TOYOTA COROLLA,TOYOTA,COROLLA
KOMPAKTKLASSE,TOYOTA PRIUS,TOYOTA,PRIUS
KOMPAKTKLASSE,VW Beetle,VW,Beetle
KOMPAKTKLASSE,Volkswagen Golf,Volkswagen,Golf
KOMPAKTKLASSE,VW GOLF plus,VW,GOLF plus
KOMPAKTKLASSE,VW GOLF variant,VW,GOLF variant
KOMPAKTKLASSE,VW GOLF gti,VW,GOLF gti
KOMPAKTKLASSE,VW ID.3,VW,ID.3
KOMPAKTKLASSE,VOLVO S40,VOLVO,S40
KOMPAKTKLASSE,VOLVO V40,VOLVO,V40
MITTELKLASSE,ALFA ROMEO GIULIA,ALFA,ROMEO GIULIA
MITTELKLASSE,AUDI S4,AUDI,S4
MITTELKLASSE,AUDI A4,AUDI,A4
MITTELKLASSE,AUDI A5,AUDI,A5
MITTELKLASSE,AUDI S5,AUDI,S5
MITTELKLASSE,BMW 320,BMW,320
MITTELKLASSE,BMW 330,BMW,330
MITTELKLASSE,BMW 340,BMW,340
MITTELKLASSE,BMW 3ER,BMW,3ER
MITTELKLASSE,BMW I3,BMW,I3
MITTELKLASSE,BMW 430,BMW,430
MITTELKLASSE,FORD Mondeo,FORD,Mondeo
MITTELKLASSE,BYD SEAL,BYD,SEAL
MITTELKLASSE,CITROEN C5,CITROEN,C5
MITTELKLASSE,HYUNDAI I40,HYUNDAI,I40
MITTELKLASSE,HYUNDAI G70,HYUNDAI,G70
MITTELKLASSE,HYUNDAI IONIQ6,HYUNDAI,IONIQ6
MITTELKLASSE,JAGUAR XE,JAGUAR,XE
MITTELKLASSE,KIA STINGER,KIA,STINGER
MITTELKLASSE,MAZDA 6,MAZDA,6
MITTELKLASSE,MERCEDES C 220,MERCEDES,C 220
MITTELKLASSE,MERCEDES C 250,MERCEDES,C 250
MITTELKLASSE,MERCEDES C 300,MERCEDES,C 300
MITTELKLASSE,OPEL Insignia,OPEL,Insignia
MITTELKLASSE,MG ROEWE 5,MG,ROEWE 5
MITTELKLASSE,RENAULT Kadjar,RENAULT,Kadjar
MITTELKLASSE,NISSAN Nv250,NISSAN,Nv250
MITTELKLASSE,NIO ET5,NIO,ET5
MITTELKLASSE,PEUGEOT 408,PEUGEOT,408
MITTELKLASSE,PEUGEOT 508,PEUGEOT,508
MITTELKLASSE,POLESTAR 2,POLESTAR,2
MITTELKLASSE,SUZUKI Alto,SUZUKI,Alto
MITTELKLASSE,SEAT Altea,SEAT,Altea
MITTELKLASSE,SKODA SUPERB,SKODA,SUPERB
MITTELKLASSE,TESLA MODEL 3,TESLA,MODEL 3
MITTELKLASSE,VOLVO V60,VOLVO,V60
MITTELKLASSE,VW ARTEON,VW,ARTEON
MITTELKLASSE,VW PASSAT variant,VW,PASSAT variant
MITTELKLASSE,VW PASSAT,VW,PASSAT
OBERE MITTELKLASSE,AUDI A6,AUDI,A6
OBERE MITTELKLASSE,AUDI A6 allroad,AUDI,A6 allroad
OBERE MITTELKLASSE,Kia Optima,Kia,Optima
OBERE MITTELKLASSE,BMW 520,BMW,520
OBERE MITTELKLASSE,BMW 530,BMW,530
OBERE MITTELKLASSE,BMW 535,BMW,535
OBERE MITTELKLASSE,HYUNDAI G80,HYUNDAI,G80
OBERE MITTELKLASSE,JAGUAR XF,JAGUAR,XF
OBERE MITTELKLASSE,INFINTI Q70,INFINTI,Q70
OBERE MITTELKLASSE,LEXUS ES,LEXUS,ES
OBERE MITTELKLASSE,MERCEDES Cls 350,MERCEDES,Cls 350
OBERE MITTELKLASSE,MERCEDES CLE,MERCEDES,CLE
OBERE MITTELKLASSE,MERCEDES E 200,MERCEDES,E 200
OBERE MITTELKLASSE,MERCEDES E 220,MERCEDES,E 220
OBERE MITTELKLASSE,MERCEDES E 300,MERCEDES,E 300
OBERE MITTELKLASSE,MERCEDES E 250,MERCEDES,E 250
OBERE MITTELKLASSE,MERCEDES E-KLASSE,MERCEDES,E-KLASSE
OBERE MITTELKLASSE,SUBARU OUTBACK,SUBARU,OUTBACK
OBERE MITTELKLASSE,TOYOTA CAMRY,TOYOTA,CAMRY
OBERE MITTELKLASSE,TOYOTA MIRAI,TOYOTA,MIRAI
OBERE MITTELKLASSE,VOLVO 90,VOLVO,90
OBERE MITTELKLASSE,VW ID.7,VW,ID.7
OBERKLASSE,AUDI A7,AUDI,A7
OBERKLASSE,AUDI A8,AUDI,A8
OBERKLASSE,AUDI E-TRON GT,AUDI,E-TRON GT
OBERKLASSE,BENTLEY CONTINENTAL,BENTLEY,CONTINENTAL
OBERKLASSE,BMW 6ER,BMW,6ER
OBERKLASSE,BMW 7ER,BMW,7ER
OBERKLASSE,BMW 8ER,BMW,8ER
OBERKLASSE,HYUNDAI G90,HYUNDAI,G90
OBERKLASSE,LEXUS LS,LEXUS,LS
OBERKLASSE,LOTUS EMEYA,LOTUS,EMEYA
OBERKLASSE,LUCID AIR,LUCID,AIR
OBERKLASSE,MASERATI GHIBLI,MASERATI,GHIBLI
OBERKLASSE,MASERATI QUATTROPORTE,MASERATI,QUATTROPORTE
OBERKLASSE,MERCEDES E 400,MERCEDES,E 400
OBERKLASSE,MERCEDES CLS,MERCEDES,CLS
OBERKLASSE,MERCEDES S-KLASSE,MERCEDES,S-KLASSE
OBERKLASSE,NIO ET7,NIO,ET7
OBERKLASSE,RENAULT Talisman,RENAULT,Talisman
OBERKLASSE,PORSCHE PANAMERA,PORSCHE,PANAMERA
OBERKLASSE,PORSCHE TAYCAN,PORSCHE,TAYCAN
OBERKLASSE,VOLKSWAGEN Phaeton,VOLKSWAGEN,Phaeton
OBERKLASSE,ROLLS ROYCE SPECTRE,ROLLS,ROYCE SPECTRE
OBERKLASSE,TESLA MODEL S,TESLA,MODEL S
SUVs,ALFA ROMEO STELVIO,ALFA,ROMEO STELVIO
SUVs,ALFA ROMEO TONALE,ALFA,ROMEO TONALE
SUVs,AUDI Q2,AUDI,Q2
SUVs,AUDI Q4,AUDI,Q4
SUVs,AUDI Q6,AUDI,Q6
SUVs,BMW IX,BMW,IX
SUVs,BMW X1,BMW,X1
SUVs,BMW X2,BMW,X2
SUVs,BMW XM,BMW,XM
SUVs,BYD ATTO 3,BYD,ATTO 3
SUVs,CADILLAC XT4,CADILLAC,XT4
SUVs,DACIA DUSTER,DACIA,DUSTER
SUVs,DS DS7 CROSSBACK,DS,DS7 CROSSBACK
SUVs,FERRARI PUROSANGUE,FERRARI,PUROSANGUE
SUVs,FIAT 600,FIAT,600
SUVs,FISKER OCEAN,FISKER,OCEAN
SUVs,FORD EXPLORER,FORD,EXPLORER
SUVs,FORD EDGE,FORD,EDGE
SUVs,FORD KUGA,FORD,KUGA
SUVs,FORD MUSTANG MACH-E,FORD,MUSTANG MACH-E
SUVs,GWM COFFEE 01,GWM,COFFEE 01
SUVs,GWM COFFEE 02,GWM,COFFEE 02
SUVs,HONDA CR-V,HONDA,CR-V
SUVs,HONDA E:NY1,HONDA,E:NY1
SUVs,HONDA HR-V,HONDA,HR-V
SUVs,HONDA ZR-V,HONDA,ZR-V
SUVs,HYUNDAI BAYON,HYUNDAI,BAYON
SUVs,HYUNDAI GV60,HYUNDAI,GV60
SUVs,HYUNDAI GV70,HYUNDAI,GV70
SUVs,HYUNDAI GV80,HYUNDAI,GV80
SUVs,HYUNDAI IONIQ5,HYUNDAI,IONIQ5
SUVs,HYUNDAI KONA,HYUNDAI,KONA
SUVs,HYUNDAI TUCSON,HYUNDAI,TUCSON
SUVs,JAGUAR I-PACE,JAGUAR,I-PACE
SUVs,JEEP AVENGER,JEEP,AVENGER
SUVs,KIA EV6,KIA,EV6
SUVs,KIA EV9,KIA,EV9
SUVs,KIA NIRO,KIA,NIRO
SUVs,KIA SPORTAGE,KIA,SPORTAGE
SUVs,KIA STONIC,KIA,STONIC
SUVs,LADA NIVA,LADA,NIVA
SUVs,LEXUS LBX,LEXUS,LBX
SUVs,LEXUS NX,LEXUS,NX
SUVs,LEXUS RX,LEXUS,RX
SUVs,LEXUS RZ,LEXUS,RZ
SUVs,LEXUS UX,LEXUS,UX
SUVs,LOTUS ELETRE,LOTUS,ELETRE
SUVs,LYNK & CO 01,LYNK,& CO 01
SUVs,MASERATI GRECALE,MASERATI,GRECALE
SUVs,MASERATI LEVANTE,MASERATI,LEVANTE
SUVs,MAZDA CX-5,MAZDA,CX-5
SUVs,MAZDA CX-30,MAZDA,CX-30
SUVs,MAZDA CX-60,MAZDA,CX-60
SUVs,MAZDA MX-30,MAZDA,MX-30
SUVs,MERCEDES GLA,MERCEDES,GLA
SUVs,MERCEDES GLB,MERCEDES,GLB
SUVs,MERCEDES Glc300,MERCEDES,Glc300
SUVs,MG ROEWE MARVEL,MG,ROEWE MARVEL
SUVs,MG ROEWE RX6,MG,ROEWE RX6
SUVs,MG ROEWE ZS,MG,ROEWE ZS
SUVs,MITSUBISHI ASX,MITSUBISHI,ASX
SUVs,MITSUBISHI ECLIPSE CROSS,MITSUBISHI,ECLIPSE CROSS
SUVs,NIO EL6,NIO,EL6
SUVs,NIO EL7,NIO,EL7
SUVs,NISSAN ARIYA,NISSAN,ARIYA
SUVs,NISSAN QASHQAI,NISSAN,QASHQAI
SUVs,OPEL CROSSLAND X,OPEL,CROSSLAND X
SUVs,OPEL GRANDLAND X,OPEL,GRANDLAND X
SUVs,OPEL MOKKA,OPEL,MOKKA
SUVs,PEUGEOT 2008,PEUGEOT,2008
SUVs,RENAULT ARKANA,RENAULT,ARKANA
SUVs,RENAULT AUSTRAL,RENAULT,AUSTRAL
SUVs,RENAULT CAPTUR,RENAULT,CAPTUR
SUVs,RENAULT KOLEOS,RENAULT,KOLEOS
SUVs,RENAULT RAFALE,RENAULT,RAFALE
SUVs,SEAT ARONA,SEAT,ARONA
SUVs,SEAT ATECA,SEAT,ATECA
SUVs,SEAT FORMENTOR,SEAT,FORMENTOR
SUVs,SEAT TARRACO,SEAT,TARRACO
SUVs,SKODA ENYAQ,SKODA,ENYAQ
SUVs,SKODA KAMIQ,SKODA,KAMIQ
SUVs,SKODA KAROQ,SKODA,KAROQ
SUVs,SMART 1,SMART,1
SUVs,SMART 3,SMART,3
SUVs,SSANGYONG KORANDO,SSANGYONG,KORANDO
SUVs,SSANGYONG TIVOLI,SSANGYONG,TIVOLI
SUVs,SSANGYONG TORRES,SSANGYONG,TORRES
SUVs,SUBARU SOLTERRA,SUBARU,SOLTERRA
SUVs,SUBARU XV,SUBARU,XV
SUVs,SUZUKI ACROSS,SUZUKI,ACROSS
SUVs,SUZUKI SX4,SUZUKI,SX4
SUVs,SUZUKI VITARA,SUZUKI,VITARA
SUVs,TESLA MODEL X,TESLA,MODEL X
SUVs,TESLA MODEL Y,TESLA,MODEL Y
SUVs,TOYOTA BZ4,TOYOTA,BZ4
SUVs,TOYOTA C-HR,TOYOTA,C-HR
SUVs,TOYOTA HIGHLANDER,TOYOTA,HIGHLANDER
SUVs,TOYOTA RAV 4,TOYOTA,RAV 4
SUVs,VINFAST VF 8,VINFAST,VF 8
SUVs,VOLVO C40,VOLVO,C40
SUVs,VOLVO V90 cross country,VOLVO,V90 cross country
SUVs,VOLVO EX30,VOLVO,EX30
SUVs,"VW ID.4, ID.5",VW,"ID.4, ID.5"
SUVs,VW T-CROSS,VW,T-CROSS
SUVs,VW T-ROC,VW,T-ROC
SUVs,VW TAIGO,VW,TAIGO
GELÄNDEWAGEN,ASTON MARTIN DBX,ASTON,MARTIN DBX
GELÄNDEWAGEN,AUDI Q3,AUDI,Q3
GELÄNDEWAGEN,AUDI Q5,AUDI,Q5
GELÄNDEWAGEN,AUDI Q7,AUDI,Q7
GELÄNDEWAGEN,AUDI Q8,AUDI,Q8
GELÄNDEWAGEN,BENTLEY BENTAYGA,BENTLEY,BENTAYGA
GELÄNDEWAGEN,BMW X3 m,BMW,X3 m
GELÄNDEWAGEN,BMW X3,BMW,X3
GELÄNDEWAGEN,BMW X4,BMW,X4
GELÄNDEWAGEN,BMW X5,BMW,X5
GELÄNDEWAGEN,BMW X6,BMW,X6
GELÄNDEWAGEN,BMW X7,BMW,X7
GELÄNDEWAGEN,CADILLAC ESCALADE,CADILLAC,ESCALADE
GELÄNDEWAGEN,HYUNDAI SANTA FE,HYUNDAI,SANTA FE
GELÄNDEWAGEN,INEOS GRENADIER,INEOS,GRENADIER
GELÄNDEWAGEN,JAGUAR E-PACE,JAGUAR,E-PACE
GELÄNDEWAGEN,JAGUAR F-PACE,JAGUAR,F-PACE
GELÄNDEWAGEN,JEEP COMPASS,JEEP,COMPASS
GELÄNDEWAGEN,JEEP GRAND CHEROKEE,JEEP,GRAND CHEROKEE
GELÄNDEWAGEN,JEEP RENEGADE,JEEP,RENEGADE
GELÄNDEWAGEN,JEEP WRANGLER,JEEP,WRANGLER
GELÄNDEWAGEN,KIA SORENTO,KIA,SORENTO
GELÄNDEWAGEN,LAMBORGHINI URUS,LAMBORGHINI,URUS
GELÄNDEWAGEN,LAND ROVER DEFENDER,LAND,ROVER DEFENDER
GELÄNDEWAGEN,LAND ROVER DISCOVERY,LAND,ROVER DISCOVERY
GELÄNDEWAGEN,LAND ROVER DISCOVERY SPORT,LAND,ROVER DISCOVERY SPORT
GELÄNDEWAGEN,LAND ROVER RANGE ROVER,LAND,ROVER RANGE ROVER
GELÄNDEWAGEN,LAND ROVER RANGE ROVER EVOQUE,LAND,ROVER RANGE ROVER EVOQUE
GELÄNDEWAGEN,LAND ROVER RANGE ROVER SPORT,LAND,ROVER RANGE ROVER SPORT
GELÄNDEWAGEN,LAND ROVER RANGE ROVER VELAR,LAND,ROVER RANGE ROVER VELAR
GELÄNDEWAGEN,MITSUBISHI Outlander,MITSUBISHI,Outlander
GELÄNDEWAGEN,MERCEDES Glc 250,MERCEDES,Glc 250
GELÄNDEWAGEN,MERCEDES Glc 350,MERCEDES,Glc 350
GELÄNDEWAGEN,MERCEDES Glc 220,MERCEDES,Glc 220
GELÄNDEWAGEN,MERCEDES G-KLASSE,MERCEDES,G-KLASSE
GELÄNDEWAGEN,MERCEDES Gle 350,MERCEDES,Gle 350
GELÄNDEWAGEN,MERCEDES Gla 180,MERCEDES,Gla 180
GELÄNDEWAGEN,MERCEDES E 53 amg,MERCEDES,E 53 amg
GELÄNDEWAGEN,MERCEDES Gls 500,MERCEDES,Gls 500
GELÄNDEWAGEN,MERCEDES Glc 43 amg,MERCEDES,Glc 43 amg
GELÄNDEWAGEN,MERCEDES ,MERCEDES,
GELÄNDEWAGEN,MERCEDES Gle 400,MERCEDES,Gle 400
GELÄNDEWAGEN,"MERCEDES ML-KLASSE, GLE",MERCEDES,"ML-KLASSE, GLE"
GELÄNDEWAGEN,NISSAN X-TRAIL,NISSAN,X-TRAIL
GELÄNDEWAGEN,PORSCHE CAYENNE,PORSCHE,CAYENNE
GELÄNDEWAGEN,PORSCHE MACAN,PORSCHE,MACAN
GELÄNDEWAGEN,ROLLS ROYCE CULLINAN,ROLLS,ROYCE CULLINAN
GELÄNDEWAGEN,SKODA KODIAQ,SKODA,KODIAQ
GELÄNDEWAGEN,SSANGYONG REXTON,SSANGYONG,REXTON
GELÄNDEWAGEN,SUBARU FORESTER,SUBARU,FORESTER
GELÄNDEWAGEN,SUZUKI JIMNY,SUZUKI,JIMNY
GELÄNDEWAGEN,TOYOTA LANDCRUISER,TOYOTA,LANDCRUISER
GELÄNDEWAGEN,VOLVO XC40,VOLVO,XC40
GELÄNDEWAGEN,VOLVO XC60,VOLVO,XC60
GELÄNDEWAGEN,VOLVO XC90,VOLVO,XC90
GELÄNDEWAGEN,VW TIGUAN,VW,TIGUAN
GELÄNDEWAGEN,VW TOUAREG,VW,TOUAREG
SPORTWAGEN,ALPINE A110,ALPINE,A110
SPORTWAGEN,ALPINA B3,ALPINA,B3
SPORTWAGEN,ASTON MARTIN DB11,ASTON,MARTIN DB11
SPORTWAGEN,ASTON MARTIN V8,ASTON,MARTIN V8
SPORTWAGEN,AUDI Sq5,AUDI,Sq5
SPORTWAGEN,AUDI S3,AUDI,S3
SPORTWAGEN,AUDI Rs3,AUDI,Rs3
SPORTWAGEN,AUDI Rs q3,AUDI,Rs q3
SPORTWAGEN,AUDI Sq7,AUDI,Sq7
SPORTWAGEN,AUDI Rs,AUDI,Rs
SPORTWAGEN,AUDI R8,AUDI,R8
SPORTWAGEN,AUDI TT,AUDI,TT
SPORTWAGEN,BMW Z4,BMW,Z4
SPORTWAGEN,FERRARI 296,FERRARI,296
SPORTWAGEN,FERRARI F8,FERRARI,F8
SPORTWAGEN,FERRARI PORTOFINO,FERRARI,PORTOFINO
SPORTWAGEN,FERRARI ROMA,FERRARI,ROMA
SPORTWAGEN,MAZDA 5,MAZDA,5
SPORTWAGEN,FERRARI SF90,FERRARI,SF90
SPORTWAGEN,FORD MUSTANG,FORD,MUSTANG
SPORTWAGEN,JAGUAR F-TYPE,JAGUAR,F-TYPE
SPORTWAGEN,LEXUS LC,LEXUS,LC
SPORTWAGEN,LOTUS EMIRA,LOTUS,EMIRA
SPORTWAGEN,MASERATI GRANTURISMO,MASERATI,GRANTURISMO
SPORTWAGEN,NISSAN Nv300,NISSAN,Nv300
SPORTWAGEN,MERCEDES A 45 amg,MERCEDES,A 45 amg
SPORTWAGEN,MERCEDES AMG GT,MERCEDES,AMG GT
SPORTWAGEN,MERCEDES E-KLASSE COUPE,MERCEDES,E-KLASSE COUPE
SPORTWAGEN,MERCEDES SL,MERCEDES,SL
SPORTWAGEN,PORSCHE 911,PORSCHE,911
SPORTWAGEN,PORSCHE BOXSTER,PORSCHE,BOXSTER
SPORTWAGEN,PORSCHE CAYMAN,PORSCHE,CAYMAN
SPORTWAGEN,SUBARU BRZ,SUBARU,BRZ
SPORTWAGEN,Volkswagen Scirocco,Volkswagen,Scirocco
SPORTWAGEN,TOYOTA GR 86,TOYOTA,GR 86
SPORTWAGEN,TOYOTA SUPRA,TOYOTA,SUPRA
MINI-VANS,KIA SOUL,KIA,SOUL
MINI-VANS,OPEL MERIVA,OPEL,MERIVA
MINI-VANS,MERCEDES B-KLASSE,MERCEDES,B-KLASSE
MINI-VANS,FORD Tourneo custom,FORD,Tourneo custom
MINI-VANS,CITROEN Spacetourer,CITROEN,Spacetourer
MINI-VANS,FORD B-max,FORD,B-max
MINI-VANS,PEUGEOT 3008,PEUGEOT,3008
MINI-VANS,RENAULT SCENIC,RENAULT,SCENIC
GROSSRAUM-VANS,DACIA JOGGER,DACIA,JOGGER
GROSSRAUM-VANS,FIAT ULYSSE,FIAT,ULYSSE
GROSSRAUM-VANS,FORD GALAXY,FORD,GALAXY
GROSSRAUM-VANS,RENAULT Grand Scenic,RENAULT,Grand Scenic
GROSSRAUM-VANS,FORD S-MAX,FORD,S-MAX
GROSSRAUM-VANS,MERCEDES V 300,MERCEDES,V 300
GROSSRAUM-VANS,MERCEDES V 220,MERCEDES,V 220
GROSSRAUM-VANS,LEXUS LM,LEXUS,LM
GROSSRAUM-VANS,OPEL Zafira tourer,OPEL,Zafira tourer
GROSSRAUM-VANS,PEUGEOT 5008,PEUGEOT,5008
GROSSRAUM-VANS,RENAULT Grand ESPACE,RENAULT,Grand ESPACE
GROSSRAUM-VANS,RENAULT ESPACE,RENAULT,ESPACE
GROSSRAUM-VANS,VW TOURAN,VW,TOURAN
UTILITIES,CITROEN BERLINGO,CITROEN,BERLINGO
UTILITIES,CITROEN JUMPER,CITROEN,JUMPER
UTILITIES,CITROEN JUMPY,CITROEN,JUMPY
UTILITIES,FIAT DOBLO,FIAT,DOBLO
UTILITIES,FIAT DUCATO,FIAT,DUCATO
UTILITIES,FORD TRANSIT CONNECT,FORD,TRANSIT CONNECT
UTILITIES,FORD TRANSIT COURIER,FORD,TRANSIT COURIER
UTILITIES,FORD TRANSIT CUSTOM,FORD,TRANSIT CUSTOM
UTILITIES,FORD Ranger,FORD,Ranger
UTILITIES,"FORD TRANSIT, TOURNEO",FORD,"TRANSIT, TOURNEO"
UTILITIES,HYUNDAI STARIA,HYUNDAI,STARIA
UTILITIES,IVECO DAILY,IVECO,DAILY
UTILITIES,MAN TGE,MAN,TGE
UTILITIES,MITSUBISHI Space Star,MITSUBISHI,Space Star
UTILITIES,MERCEDES CITAN,MERCEDES,CITAN
UTILITIES,MERCEDES ,MERCEDES,
UTILITIES,MERCEDES SPRINTER,MERCEDES,SPRINTER
UTILITIES,MERCEDES VITO,MERCEDES,VITO
UTILITIES,NISSAN Navara,NISSAN,Navara
UTILITIES,NISSAN PRIMASTAR,NISSAN,PRIMASTAR
UTILITIES,NISSAN TOWNSTAR,NISSAN,TOWNSTAR
UTILITIES,OPEL COMBO,OPEL,COMBO
UTILITIES,OPEL MOVANO,OPEL,MOVANO
UTILITIES,OPEL ZAFIRA LIFE,OPEL,ZAFIRA LIFE
UTILITIES,PEUGEOT BOXER,PEUGEOT,BOXER
UTILITIES,PEUGEOT EXPERT,PEUGEOT,EXPERT
UTILITIES,PEUGEOT RIFTER,PEUGEOT,RIFTER
UTILITIES,RENAULT KANGOO,RENAULT,KANGOO
UTILITIES,RENAULT MASTER,RENAULT,MASTER
UTILITIES,SKODA Yeti,SKODA,Yeti
UTILITIES,RENAULT TRAFIC,RENAULT,TRAFIC
UTILITIES,TOYOTA PROACE,TOYOTA,PROACE
UTILITIES,Volkswagen Sharan,Volkswagen,Sharan
UTILITIES,VW CADDY,VW,CADDY
UTILITIES,VW CRAFTER,VW,CRAFTER
UTILITIES,VW ID. BUZZ,VW,ID. BUZZ
UTILITIES,VW TRANSPORTER,VW,TRANSPORTER
WOHNMOBILE,CITROEN JUMPER,CITROEN,JUMPER
WOHNMOBILE,CITROEN JUMPY,CITROEN,JUMPY
WOHNMOBILE,FIAT DUCATO,FIAT,DUCATO
WOHNMOBILE,FORD TRANSIT,FORD,TRANSIT
WOHNMOBILE,FORD TRANSIT CUSTOM,FORD,TRANSIT CUSTOM
WOHNMOBILE,"FORD TRANSIT, TOURNEO",FORD,"TRANSIT, TOURNEO"
WOHNMOBILE,IVECO DAILY,IVECO,DAILY
WOHNMOBILE,IVECO EUROCARGO,IVECO,EUROCARGO
WOHNMOBILE,MAN TGE,MAN,TGE
WOHNMOBILE,MAN TGM,MAN,TGM
WOHNMOBILE,MERCEDES SPRINTER,MERCEDES,SPRINTER
WOHNMOBILE,MERCEDES V-KLASSE,MERCEDES,V-KLASSE
WOHNMOBILE,MERCEDES VITO,MERCEDES,VITO
WOHNMOBILE,NISSAN PRIMASTAR,NISSAN,PRIMASTAR
WOHNMOBILE,OPEL MOVANO,OPEL,MOVANO
WOHNMOBILE,OPEL VIVARO,OPEL,VIVARO
WOHNMOBILE,OPEL ZAFIRA,OPEL,ZAFIRA
WOHNMOBILE,PEUGEOT BOXER,PEUGEOT,BOXER
WOHNMOBILE,PEUGEOT EXPERT,PEUGEOT,EXPERT
WOHNMOBILE,RENAULT MASTER,RENAULT,MASTER
WOHNMOBILE,RENAULT TRAFIC,RENAULT,TRAFIC
WOHNMOBILE,TOYOTA PROACE,TOYOTA,PROACE
WOHNMOBILE,VW CADDY,VW,CADDY
WOHNMOBILE,VW Amarok,VW,Amarok
WOHNMOBILE,VW CRAFTER,VW,CRAFTER
WOHNMOBILE,Volkswagen T6.1 multivan,Volkswagen,T6.1 multivan
WOHNMOBILE,Volkswagen T6.1 california,Volkswagen,T6.1 california
WOHNMOBILE,Volkswagen T6.1 transporter,Volkswagen,T6.1 transporter
WOHNMOBILE,VW T6 Multivan,VW,T6 Multivan
